ID_DEPARTAMENTO,DEPARTAMENTO,ID_MUNICIPIO,MUNICIPIO,Latitud,Longitud,LOCALIDAD,Solar_radiation_promedio,Wind_promedio,consumo_energia_promedio,tipo_cultivo,Desecho_Ton_promedio,Solar_norm,Wind_norm,Desecho_norm,Indice_Solar,Indice_Eolico,Indice_Biomasa,Energia_Prioritaria
0,CAUCA,19809,TIMBIQUÍ,2.702,-77.495,CHACÓN (TIMBIQUÍ - CAUCA),15190.25,1.108333349,4366.0,BANANO,26.98142916815621,0.772582958834358,0.2528517219459588,0.027753745140948173,3373.097198270807,1103.950618016056,121.17285128537972,Solar
5,ANTIOQUIA,5873,VIGIA DEL FUERTE,6.456,-76.699,LA PLAYA MURRI  (VIGÍA DEL FUERTE - ANTIOQUIA),17067.99219,0.758333325,8547.38,PALMA DE ACEITE,223.7033000588417,0.8680857726180883,0.17300380540589,0.23010657954136893,7419.8589711603945,1478.729266250196,1966.8083758403059,Solar
5,ANTIOQUIA,5873,VIGIA DEL FUERTE,6.456,-76.699,LOMA MURRI (VIGÍA DEL FUERTE - ANTIOQUIA),17067.99219,0.758333325,9954.88,PALMA DE ACEITE,223.7033000588417,0.8680857726180883,0.17300380540589,0.23010657954136893,8641.689696120355,1722.232122358986,2290.6833865447825,Solar
5,ANTIOQUIA,5873,VIGIA DEL FUERTE,6.456,-76.699,SAN ANTONIO DE PADUA (VIGÍA DEL FUERTE - ANTIOQUIA),17067.99219,0.758333325,6290.07,PALMA DE ACEITE,223.7033000588417,0.8680857726180883,0.17300380540589,0.23010657954136893,5460.320275771858,1088.2060462694265,1447.3864927757784,Solar
5,ANTIOQUIA,5873,VIGIA DEL FUERTE,6.456,-76.699,VEGAEZ (VIGÍA DEL FUERTE - ANTIOQUIA),17067.99219,0.758333325,4986.33,PALMA DE ACEITE,223.7033000588417,0.8680857726180883,0.17300380540589,0.23010657954136893,4328.562130578752,862.6540650095515,1147.3873407645142,Solar
5,ANTIOQUIA,5873,VIGIA DEL FUERTE,6.456,-76.699,VIGÍA DEL FUERTE (VIGÍA DEL FUERTE - ANTIOQUIA),17067.99219,0.758333325,124249.57,PALMA DE ACEITE,223.7033000588417,0.8680857726180883,0.17300380540589,0.23010657954136893,107859.28397091525,21495.64843004551,28590.643562185887,Solar
13,BOLÍVAR,13001,CARTAGENA DE INDIAS,10.446,-75.467,ISLA FUERTE (CARTAGENA - BOLIVAR),19383.68359,3.583333254,79594.5,PALMA DE ACEITE,173.5878700017929,0.9858628805366068,0.8174904999453514,0.17855664626081866,78469.26304487095,65067.74759790027,14212.12698080673,Solar
13,BOLÍVAR,13001,CARTAGENA DE INDIAS,10.446,-75.467,ISLA FUERTE (CARTAGENA DE INDIAS - BOLÍVAR),19383.68359,3.583333254,53001.87,PALMA DE ACEITE,173.5878700017929,0.9858628805366068,0.8174904999453514,0.17855664626081866,52252.57623202677,43328.525204338526,9463.836152751897,Solar
13,BOLÍVAR,13001,CARTAGENA DE INDIAS,10.446,-75.467,ISLA MUCURA (CARTAGENA - BOLIVAR),19383.68359,3.583333254,9628.75,PALMA DE ACEITE,173.5878700017929,0.9858628805366068,0.8174904999453514,0.17855664626081866,9492.627210966852,7871.4116513488025,1719.2773076838575,Solar
13,BOLÍVAR,13001,CARTAGENA DE INDIAS,10.446,-75.467,ISLA MUCURA (CARTAGENA DE INDIAS - BOLÍVAR),19383.68359,3.583333254,8811.04,PALMA DE ACEITE,173.5878700017929,0.9858628805366068,0.8174904999453514,0.17855664626081866,8686.477274923265,7202.9414946384895,1573.2697524699238,Solar
13,BOLÍVAR,13001,CARTAGENA DE INDIAS,10.446,-75.467,SANTA CRUZ DEL ISLOTE (CARTAGENA - BOLIVAR),19383.68359,3.583333254,17683.5,PALMA DE ACEITE,173.5878700017929,0.9858628805366068,0.8174904999453514,0.17855664626081866,17433.506247969086,14456.09325578362,3157.506454153187,Solar
13,BOLÍVAR,13001,CARTAGENA DE INDIAS,10.446,-75.467,SANTA CRUZ DEL ISLOTE (CARTAGENA DE INDIAS - BOLÍVAR),19383.68359,3.583333254,15682.42,PALMA DE ACEITE,173.5878700017929,0.9858628805366068,0.8174904999453514,0.17855664626081866,15460.715754984893,12820.229366152978,2800.2003204535877,Solar
18,CAQUETÁ,18150,CARTAGENA DEL CHAIRÁ,0.649,-74.274,REMOLINO DEL CAGUAN (CARTAGENA DEL CHAIRA - CAQUETÁ),14565.9082,0.841666639,23111.93,PALMA DE ACEITE,799.8934338018298,0.7408286535946175,0.1920152083916205,0.8227895699407435,17121.979983873047,4437.8420552825455,19016.254945200566,Biomasa
18,CAQUETÁ,18150,CARTAGENA DEL CHAIRÁ,0.649,-74.274,SANTA FE DEL CAGUAN (CARTAGENA DEL CHAIRA - CAQUETÁ),14565.9082,0.841666639,5410.93,PALMA DE ACEITE,799.8934338018298,0.7408286535946175,0.1920152083916205,0.8227895699407435,4008.5719865947235,1038.980851542471,4452.056767679467,Biomasa
18,CAQUETÁ,18753,SAN VICENTE DEL CAGUÁN,1.569,-74.264,GUACAMAYAS (SAN VICENTE DEL CAGUÁN - CAQUETÁ),15415.25,0.883333325,15541.36,PALMA DE ACEITE,799.8934338018298,0.7840265602061413,0.2015209165004555,0.8227895699407435,12184.839021725316,3131.9091108635193,12787.268910694274,Biomasa
18,CAQUETÁ,18753,SAN VICENTE DEL CAGUÁN,1.569,-74.264,GUAYABAL (SAN VICENTE DEL CAGUÁN - CAQUETÁ),15415.25,0.883333325,8908.92,PALMA DE ACEITE,799.8934338018298,0.7840265602061413,0.2015209165004555,0.8227895699407435,6984.829902751696,1795.333723429238,7330.166455436489,Biomasa
18,CAQUETÁ,18753,SAN VICENTE DEL CAGUÁN,1.569,-74.264,PUERTO BETANIA (SAN VICENTE DEL CAGUÁN - CAQUETÁ),15415.25,0.883333325,6483.38,PALMA DE ACEITE,799.8934338018298,0.7840265602061413,0.2015209165004555,0.8227895699407435,5083.142119909292,1306.5366796207231,5334.457441962418,Biomasa
18,CAQUETÁ,18753,SAN VICENTE DEL CAGUÁN,1.569,-74.264,VILLA LOBOS (SAN VICENTE DEL CAGUÁN - CAQUETÁ),15415.25,0.883333325,18465.4,PALMA DE ACEITE,799.8934338018298,0.7840265602061413,0.2015209165004555,0.8227895699407435,14477.364044830481,3721.164331547511,15193.138524783806,Biomasa
19,CAUCA,19318,GUAPI,2.416,-77.694,LIMONES (GUAPI - CAUCA),15018.75,1.083333373,11823.94,PALMA DE ACEITE,369.42253479590784,0.7638603915665321,0.24714830520233103,0.37999687919234554,9031.839438259181,2922.26673181405,4493.060299757542,Solar
19,CAUCA,19318,GUAPI,2.416,-77.694,SAN ANTONIO DE GUAJUI (GUAPI - CAUCA),15018.75,1.083333373,15574.33,PALMA DE ACEITE,369.42253479590784,0.7638603915665321,0.24714830520233103,0.37999687919234554,11896.613812186388,3849.16926416182,5918.1967955117225,Solar
19,CAUCA,19418,LÓPEZ,3.004,-77.222,BETANIA - NAYA (LÓPEZ (MICAY) - CAUCA),15667.74121,0.933333337,8551.83,PALMA DE ACEITE,369.42253479590784,0.7968683769044489,0.2129277636759244,0.37999687919234554,6814.682891662773,1820.9220372366806,3249.6687113834764,Solar
19,CAUCA,19418,LÓPEZ,3.004,-77.222,BOCA GRANDE (LÓPEZ (MICAY) - CAUCA),15667.74121,0.933333337,4822.6,PALMA DE ACEITE,369.42253479590784,0.7968683769044489,0.2129277636759244,0.37999687919234554,3842.9774344593957,1026.865433103513,1832.5729495930057,Solar
19,CAUCA,19418,LÓPEZ,3.004,-77.222,BOCA GRANDE (LÓPEZ DE MICAY - CAUCA),15667.74121,0.933333337,4664.67,PALMA DE ACEITE,369.42253479590784,0.7968683769044489,0.2129277636759244,0.37999687919234554,3717.1280116948756,993.2377513861743,1772.5600424621584,Solar
19,CAUCA,19418,LÓPEZ,3.004,-77.222,DOS QUEBRADAS RÍO NAYA (LÓPEZ DE MICAY - CAUCA),15667.74121,0.933333337,5475.9,PALMA DE ACEITE,369.42253479590784,0.7968683769044489,0.2129277636759244,0.37999687919234554,4363.571545091071,1165.9711411129942,2080.8249107693646,Solar
19,CAUCA,19418,LÓPEZ,3.004,-77.222,ISLA DE GALLO (LOPEZ (MICAY) - CAUCA),15667.74121,0.933333337,4620.5,PALMA DE ACEITE,369.42253479590784,0.7968683769044489,0.2129277636759244,0.37999687919234554,3681.9303354870062,983.8327320646086,1755.7755803082325,Solar
19,CAUCA,19418,LÓPEZ,3.004,-77.222,ISLA DE GALLO (LÓPEZ DE MICAY - CAUCA),15667.74121,0.933333337,4704.57,PALMA DE ACEITE,369.42253479590784,0.7968683769044489,0.2129277636759244,0.37999687919234554,3748.9230599333628,1001.7335691568436,1787.721917941933,Solar
19,CAUCA,19418,LÓPEZ,3.004,-77.222,LA CONCHA - CONCEPCIÓN NAYA (LOPEZ (MICAY) - CAUCA),15667.74121,0.933333337,2796.5,PALMA DE ACEITE,369.42253479590784,0.7968683769044489,0.2129277636759244,0.37999687919234554,2228.442416013291,595.4524911197226,1062.6612726613944,Solar
19,CAUCA,19418,LÓPEZ,3.004,-77.222,NOANAMITO (LOPEZ (MICAY) - CAUCA),15667.74121,0.933333337,9242.67,PALMA DE ACEITE,369.42253479590784,0.7968683769044489,0.2129277636759244,0.37999687919234554,7365.1914411634425,1968.021053494556,3512.1857554047165,Solar
19,CAUCA,19418,LÓPEZ,3.004,-77.222,NOANAMITO (LÓPEZ DE MICAY - CAUCA),15667.74121,0.933333337,8886.65,PALMA DE ACEITE,369.42253479590784,0.7968683769044489,0.2129277636759244,0.37999687919234554,7081.490361617921,1892.2145110706533,3376.8992664746575,Solar
19,CAUCA,19418,LÓPEZ,3.004,-77.222,RIO MAYA - DOS QUEBRADAS (LÓPEZ DE MICAY - CAUCA),15667.74121,0.933333337,5001.8,PALMA DE ACEITE,369.42253479590784,0.7968683769044489,0.2129277636759244,0.37999687919234554,3985.776247600673,1065.0220883542386,1900.668390344274,Solar
19,CAUCA,19418,LÓPEZ,3.004,-77.222,SAN ANTONIO DE CHUARE (LOPEZ (MICAY) - CAUCA),15667.74121,0.933333337,10320.25,PALMA DE ACEITE,369.42253479590784,0.7968683769044489,0.2129277636759244,0.37999687919234554,8223.880866748139,2197.467753076459,3921.662792484804,Solar
19,CAUCA,19418,LÓPEZ,3.004,-77.222,SAN ANTONIO DE CHUARE (LÓPEZ DE MICAY - CAUCA),15667.74121,0.933333337,8183.05,PALMA DE ACEITE,369.42253479590784,0.7968683769044489,0.2129277636759244,0.37999687919234554,6520.813771627951,1742.3985365482731,3109.5334622749233,Solar
19,CAUCA,19418,LÓPEZ,3.004,-77.222,SAN ISIDRO (LÓPEZ (MICAY) - CAUCA),15667.74121,0.933333337,1688.0,PALMA DE ACEITE,369.42253479590784,0.7968683769044489,0.2129277636759244,0.37999687919234554,1345.1138202147097,359.42206508496037,641.4347320766793,Solar
19,CAUCA,19418,LÓPEZ,3.004,-77.222,SAN ISIDRO (LÓPEZ DE MICAY - CAUCA),15667.74121,0.933333337,1288.0,PALMA DE ACEITE,369.42253479590784,0.7968683769044489,0.2129277636759244,0.37999687919234554,1026.3664694529302,274.2509596145906,489.435980399741,Solar
19,CAUCA,19418,LÓPEZ,3.004,-77.222,ZARAGOZA (LOPEZ (MICAY) - CAUCA),15667.74121,0.933333337,7575.5,PALMA DE ACEITE,369.42253479590784,0.7968683769044489,0.2129277636759244,0.37999687919234554,6036.676389239653,1613.0342737269652,2878.6663583216136,Solar
19,CAUCA,19418,LÓPEZ,3.004,-77.222,ZARAGOZA (LÓPEZ DE MICAY - CAUCA),15667.74121,0.933333337,12919.1,PALMA DE ACEITE,369.42253479590784,0.7968683769044489,0.2129277636759244,0.37999687919234554,10294.822248066266,2750.835071705635,4909.2176819738315,Solar
19,CAUCA,19809,TIMBIQUÍ,2.702,-77.495,CHACON (TIMBIQUÍ - CAUCA),15190.25,1.108333349,4675.57,PALMA DE ACEITE,369.42253479590784,0.772582958834358,0.2528517219459588,0.37999687919234554,3612.265704837159,1182.2259255788665,1776.702008445355,Solar
19,CAUCA,19809,TIMBIQUÍ,2.702,-77.495,COMUNIDAD DE CHETE (TIMBIQUÍ - CAUCA),15190.25,1.108333349,6723.11,PALMA DE ACEITE,369.42253479590784,0.772582958834358,0.2528517219459588,0.37999687919234554,5194.16021636886,1699.949940332095,2554.76081846685,Solar
19,CAUCA,19809,TIMBIQUÍ,2.702,-77.495,COTEJE (TIMBIQUÍ - CAUCA),15190.25,1.108333349,10292.2,PALMA DE ACEITE,369.42253479590784,0.772582958834358,0.2528517219459588,0.37999687919234554,7951.57832891498,2602.400492612197,3911.003880023459,Solar
19,CAUCA,19809,TIMBIQUÍ,2.702,-77.495,LOS BRAZOS (TIMBIQUÍ - CAUCA),15190.25,1.108333349,8724.97,PALMA DE ACEITE,369.42253479590784,0.772582958834358,0.2528517219459588,0.37999687919234554,6740.763138341008,2206.123688426832,3315.461371046839,Solar
19,CAUCA,19809,TIMBIQUÍ,2.702,-77.495,PUERTO SAIJA (TIMBIQUÍ - CAUCA),15190.25,1.108333349,36929.06,PALMA DE ACEITE,369.42253479590784,0.772582958834358,0.2528517219459588,0.37999687919234554,28530.762441771534,9337.576410845628,14032.927551506878,Solar
19,CAUCA,19809,TIMBIQUÍ,2.702,-77.495,SAN JOSE (TIMBIQUÍ - CAUCA),15190.25,1.108333349,11616.92,PALMA DE ACEITE,369.42253479590784,0.772582958834358,0.2528517219459588,0.37999687919234554,8975.03442614203,2937.3582257084477,4414.393345827143,Solar
19,CAUCA,19809,TIMBIQUÍ,2.702,-77.495,SANTA MARÍA (TIMBIQUÍ - CAUCA),15190.25,1.108333349,18233.34,PALMA DE ACEITE,369.42253479590784,0.772582958834358,0.2528517219459588,0.37999687919234554,14086.767766632853,4610.331415826128,6928.612297252962,Solar
19,CAUCA,19809,TIMBIQUÍ,2.702,-77.495,SANTA ROSA DE SAIJA (TIMBIQUÍ - CAUCA),15190.25,1.108333349,5015.38,PALMA DE ACEITE,369.42253479590784,0.772582958834358,0.2528517219459588,0.37999687919234554,3874.7971200786624,1268.147469213323,1905.828747963706,Solar
27,CHOCÓ,27001,QUIBDÓ,5.941,-76.667,TAGACHI (QUIBDÓ - CHOCÓ),16583.31641,0.725000024,8008.22,PALMA DE ACEITE,972.172549366951,0.8434349440808521,0.16539924982376528,1.0,6754.412587887161,1324.5535804236736,8008.22,Biomasa
27,CHOCÓ,27006,ACANDÍ,8.435,-77.292,ACANDÍ (ACANDÍ - CHOCÓ),18501.55078,2.058333397,783237.83,PALMA DE ACEITE,972.172549366951,0.9409972083827801,0.46958177721522737,1.0,737024.6115297865,367794.2121935981,783237.83,Biomasa
27,CHOCÓ,27006,ACANDÍ,8.435,-77.292,CAPURGANA (ACANDÍ - CHOCÓ),18501.55078,2.058333397,367583.04,PALMA DE ACEITE,972.172549366951,0.9409972083827801,0.46958177721522737,1.0,345894.61448885576,172610.297197376,367583.04,Biomasa
27,CHOCÓ,27006,ACANDÍ,8.435,-77.292,SAN FRANCISCO (ACANDÍ - CHOCÓ),18501.55078,2.058333397,23129.58,PALMA DE ACEITE,972.172549366951,0.9409972083827801,0.46958177721522737,1.0,21764.870211066183,10861.22928264178,23129.58,Biomasa
27,CHOCÓ,27025,ALTO BAUDÓ,5.641,-77.088,CIUDAD BAUDO (ALTO BAUDO (PIE DE PATO) - CHOCO),16243.34961,1.066666722,60399.25,PALMA DE ACEITE,972.172549366951,0.826144079463782,0.24334602729720017,1.0,49898.48279155284,14697.917539230417,60399.25,Biomasa
27,CHOCÓ,27025,ALTO BAUDÓ,5.641,-77.088,CIUDAD BAUDO - PIE DE PATO (ALTO BAUDO - CHOCÓ),16243.34961,1.066666722,61547.75,PALMA DE ACEITE,972.172549366951,0.826144079463782,0.24334602729720017,1.0,50847.309266816985,14977.400451581252,61547.75,Biomasa
27,CHOCÓ,27025,ALTO BAUDÓ,5.641,-77.088,PLAYITA CATRU (ALTO BAUDO - CHOCÓ),16243.34961,1.066666722,706.33,PALMA DE ACEITE,972.172549366951,0.826144079463782,0.24334602729720017,1.0,583.5303476476531,171.88259946083141,706.33,Biomasa
27,CHOCÓ,27075,BAHÍA SOLANO,6.294,-77.358,CIUDAD MUTIS (BAHÍA SOLANO - CHOCÓ),17167.80859,1.483333349,898227.28,PALMA DE ACEITE,972.172549366951,0.8731624796934947,0.3384030552296553,1.0,784298.359133143,303962.85584262304,898227.28,Biomasa
27,CHOCÓ,27075,BAHÍA SOLANO,6.294,-77.358,CUPICA (BAHIA SOLANO (MUTIS) - CHOCO),17167.80859,1.483333349,89240.5,PALMA DE ACEITE,972.172549366951,0.8731624796934947,0.3384030552296553,1.0,77921.45626908731,30199.257850222053,89240.5,Biomasa
27,CHOCÓ,27075,BAHÍA SOLANO,6.294,-77.358,CUPICA (BAHÍA SOLANO - CHOCÓ),17167.80859,1.483333349,83264.74,PALMA DE ACEITE,972.172549366951,0.8731624796934947,0.3384030552296553,1.0,72703.64684943412,28177.04240890289,83264.74,Biomasa
27,CHOCÓ,27075,BAHÍA SOLANO,6.294,-77.358,EL VALLE (BAHIA SOLANO (MUTIS) - CHOCO),17167.80859,1.483333349,229283.0,PALMA DE ACEITE,972.172549366951,0.8731624796934947,0.3384030552296553,1.0,200201.31283156355,77590.06771222106,229283.0,Biomasa
27,CHOCÓ,27075,BAHÍA SOLANO,6.294,-77.358,EL VALLE (BAHÍA SOLANO - CHOCÓ),17167.80859,1.483333349,223052.89,PALMA DE ACEITE,972.172549366951,0.8731624796934947,0.3384030552296553,1.0,194761.4145352003,75481.77945380424,223052.89,Biomasa
27,CHOCÓ,27075,BAHÍA SOLANO,6.294,-77.358,MUTIS (BAHIA SOLANO (MUTIS) - CHOCO),17167.80859,1.483333349,945042.67,PALMA DE ACEITE,972.172549366951,0.8731624796934947,0.3384030552296553,1.0,825175.8011533611,319805.32685039093,945042.67,Biomasa
27,CHOCÓ,27077,BAJO BAUDÓ,5.014,-77.221,BELEN DE DOCAMPADO (BAJO BAUDÓ - CHOCÓ),16035.09961,1.141666651,11350.33,PALMA DE ACEITE,972.172549366951,0.8155523906385649,0.2604562777562204,1.0,9256.788766036621,2956.264703104761,11350.33,Biomasa
27,CHOCÓ,27077,BAJO BAUDÓ,5.014,-77.221,BUENAVISTA (BAJO BAUDÓ (PIZARRO) - CHOCÓ),16035.09961,1.141666651,5804.61,PALMA DE ACEITE,972.172549366951,0.8155523906385649,0.2604562777562204,1.0,4733.96356222452,1511.8471144265343,5804.61,Biomasa
27,CHOCÓ,27077,BAJO BAUDÓ,5.014,-77.221,BUENAVISTA (BAJO BAUDO - CHOCÓ),16035.09961,1.141666651,5105.0,PALMA DE ACEITE,972.172549366951,0.8155523906385649,0.2604562777562204,1.0,4163.3949542098735,1329.629297945505,5105.0,Biomasa
27,CHOCÓ,27077,BAJO BAUDÓ,5.014,-77.221,FIRME DE USARGA (BAJO BAUDÓ (PIZARRO) - CHOCÓ),16035.09961,1.141666651,1103.0,PALMA DE ACEITE,972.172549366951,0.8155523906385649,0.2604562777562204,1.0,899.5542868743371,287.2832743651111,1103.0,Biomasa
27,CHOCÓ,27077,BAJO BAUDÓ,5.014,-77.221,FIRME DE USARGA (BAJO BAUDÓ - CHOCÓ),16035.09961,1.141666651,1357.2,PALMA DE ACEITE,972.172549366951,0.8155523906385649,0.2604562777562204,1.0,1106.8677045746604,353.4912601707423,1357.2,Biomasa
27,CHOCÓ,27077,BAJO BAUDÓ,5.014,-77.221,GUINEAL (BAJO BAUDÓ (PIZARRO) - CHOCÓ),16035.09961,1.141666651,7821.58,PALMA DE ACEITE,972.172549366951,0.8155523906385649,0.2604562777562204,1.0,6378.908267570786,2037.1796129724983,7821.58,Biomasa
27,CHOCÓ,27077,BAJO BAUDÓ,5.014,-77.221,GUINEAL (BAJO BAUDÓ - CHOCÓ),16035.09961,1.141666651,5992.0,PALMA DE ACEITE,972.172549366951,0.8155523906385649,0.2604562777562204,1.0,4886.7899247062805,1560.6540163152724,5992.0,Biomasa
27,CHOCÓ,27077,BAJO BAUDÓ,5.014,-77.221,ORPUA (BAJO BAUDÓ - CHOCÓ),16035.09961,1.141666651,995.47,PALMA DE ACEITE,972.172549366951,0.8155523906385649,0.2604562777562204,1.0,811.8579383089722,259.2764108179847,995.47,Biomasa
27,CHOCÓ,27077,BAJO BAUDÓ,5.014,-77.221,PILIZA (BAJO BAUDÓ (PIZARRO) - CHOCÓ),16035.09961,1.141666651,9562.12,PALMA DE ACEITE,972.172549366951,0.8155523906385649,0.2604562777562204,1.0,7798.409825572835,2490.5141826583103,9562.12,Biomasa
27,CHOCÓ,27077,BAJO BAUDÓ,5.014,-77.221,PILIZA - BELLAVISTA - VILLA LUZ (BAJO BAUDÓ - CHOCÓ),16035.09961,1.141666651,4449.75,PALMA DE ACEITE,972.172549366951,0.8155523906385649,0.2604562777562204,1.0,3629.004250243954,1158.9653219457416,4449.75,Biomasa
27,CHOCÓ,27077,BAJO BAUDÓ,5.014,-77.221,PIZARRO (BAJO BAUDÓ (PIZARRO) - CHOCÓ),16035.09961,1.141666651,290480.31,PALMA DE ACEITE,972.172549366951,0.8155523906385649,0.2604562777562204,1.0,236901.91125393144,75657.420304073,290480.31,Biomasa
27,CHOCÓ,27077,BAJO BAUDÓ,5.014,-77.221,PIZARRO (BAJO BAUDÓ - CHOCÓ),16035.09961,1.141666651,301347.59,PALMA DE ACEITE,972.172549366951,0.8155523906385649,0.2604562777562204,1.0,245764.7474376701,78487.87160220763,301347.59,Biomasa
27,CHOCÓ,27077,BAJO BAUDÓ,5.014,-77.221,SIVIRU (BAJO BAUDÓ - CHOCÓ),16035.09961,1.141666651,7982.79,PALMA DE ACEITE,972.172549366951,0.8155523906385649,0.2604562777562204,1.0,6510.383468465629,2079.1677695095786,7982.79,Biomasa
27,CHOCÓ,27077,BAJO BAUDÓ,5.014,-77.221,TERRON (BAJO BAUDÓ - CHOCÓ),16035.09961,1.141666651,5689.69,PALMA DE ACEITE,972.172549366951,0.8155523906385649,0.2604562777562204,1.0,4640.240281492336,1481.9154789867894,5689.69,Biomasa
27,CHOCÓ,27077,BAJO BAUDÓ,5.014,-77.221,VIRUDO,16035.09961,1.141666651,7551.0,PALMA DE ACEITE,972.172549366951,0.8155523906385649,0.2604562777562204,1.0,6158.236101711804,1966.70535333722,7551.0,Biomasa
27,CHOCÓ,27077,BAJO BAUDÓ,5.014,-77.221,VIRUDO (BAJO BAUDÓ - CHOCÓ),16035.09961,1.141666651,8530.6,PALMA DE ACEITE,972.172549366951,0.8155523906385649,0.2604562777562204,1.0,6957.151223581342,2221.8483230272136,8530.6,Biomasa
27,CHOCÓ,27099,BOJAYÁ,6.478,-77.103,BELLAVISTA (BOJAYÁ (BELLAVISTA) - CHOCÓ),16965.27539,1.075000048,115162.17,PALMA DE ACEITE,972.172549366951,0.8628615498919318,0.24524716636383403,1.0,99369.00849511812,28243.195864810135,115162.17,Biomasa
27,CHOCÓ,27099,BOJAYÁ,6.478,-77.103,BELLAVISTA (BOJAYÁ - CHOCÓ),16965.27539,1.075000048,129984.5,PALMA DE ACEITE,972.172549366951,0.8628615498919318,0.24524716636383403,1.0,112158.6271319278,31878.330296219785,129984.5,Biomasa
27,CHOCÓ,27099,BOJAYÁ,6.478,-77.103,LA LOMA DE BOJAYÁ (BOJAYÁ (BELLAVISTA) - CHOCÓ),16965.27539,1.075000048,17095.74,PALMA DE ACEITE,972.172549366951,0.8628615498919318,0.24524716636383403,1.0,14751.256712949495,4192.681791892853,17095.74,Biomasa
27,CHOCÓ,27099,BOJAYÁ,6.478,-77.103,LA LOMA DE BOJAYA (BOJAYÁ - CHOCÓ),16965.27539,1.075000048,16062.0,PALMA DE ACEITE,972.172549366951,0.8628615498919318,0.24524716636383403,1.0,13859.282214364208,3939.1599861359023,16062.0,Biomasa
27,CHOCÓ,27099,BOJAYÁ,6.478,-77.103,NAPIPÍ (BOJAYÁ (BELLAVISTA) - CHOCÓ),16965.27539,1.075000048,12645.69,PALMA DE ACEITE,972.172549366951,0.8628615498919318,0.24524716636383403,1.0,10911.479672852904,3101.3196392154728,12645.69,Biomasa
27,CHOCÓ,27099,BOJAYÁ,6.478,-77.103,NAPIPI (BOJAYÁ - CHOCÓ),16965.27539,1.075000048,14850.38,PALMA DE ACEITE,972.172549366951,0.8628615498919318,0.24524716636383403,1.0,12813.821903284144,3642.0136144261533,14850.38,Biomasa
27,CHOCÓ,27099,BOJAYÁ,6.478,-77.103,PIEDRA CANDELA (BOJAYÁ - CHOCÓ),16965.27539,1.075000048,10689.82,PALMA DE ACEITE,972.172549366951,0.8628615498919318,0.24524716636383403,1.0,9223.834653265769,2621.6480639394404,10689.82,Biomasa
27,CHOCÓ,27099,BOJAYÁ,6.478,-77.103,POGUE (BOJAYÁ - CHOCÓ),16965.27539,1.075000048,0.0,PALMA DE ACEITE,972.172549366951,0.8628615498919318,0.24524716636383403,1.0,0.0,0.0,0.0,Solar
27,CHOCÓ,27099,BOJAYÁ,6.478,-77.103,PUERTO CONTO (BOJAYÁ (BELLAVISTA) - CHOCO),16965.27539,1.075000048,12381.1,PALMA DE ACEITE,972.172549366951,0.8628615498919318,0.24524716636383403,1.0,10683.175135366997,3036.4296914672655,12381.1,Biomasa
27,CHOCÓ,27099,BOJAYÁ,6.478,-77.103,PUERTO CONTO (BOJAYÁ - CHOCÓ),16965.27539,1.075000048,16599.5,PALMA DE ACEITE,972.172549366951,0.8628615498919318,0.24524716636383403,1.0,14323.07029743112,4070.980338056463,16599.5,Biomasa
27,CHOCÓ,27250,EL LITORAL DEL SAN JUAN,4.249,-76.966,CUCURRUPÍ (EL LITORAL DEL SAN JUAN - CHOCÓ),16107.74121,0.925000012,3655.77,PALMA DE ACEITE,972.172549366951,0.8192469751426028,0.21102662483742746,1.0,2994.978514317073,771.4648042819222,3655.77,Biomasa
27,CHOCÓ,27250,EL LITORAL DEL SAN JUAN,4.249,-76.966,PAPAYO (EL LITORAL DEL SAN JUAN - CHOCÓ),16107.74121,0.925000012,5036.71,PALMA DE ACEITE,972.172549366951,0.8192469751426028,0.21102662483742746,1.0,4126.309432170499,1062.8799115849192,5036.71,Biomasa
27,CHOCÓ,27250,EL LITORAL DEL SAN JUAN,4.249,-76.966,SAN BERNARDO BURUJON (EL LITORAL DEL SAN JUAN - CHOCÓ),16107.74121,0.925000012,5877.0,PALMA DE ACEITE,972.172549366951,0.8192469751426028,0.21102662483742746,1.0,4814.714472913077,1240.203474169561,5877.0,Biomasa
27,CHOCÓ,27250,EL LITORAL DEL SAN JUAN,4.249,-76.966,SANTA GENOVEVA DE DOCORDO (EL LITORAL DEL SAN JUAN - CHOCÓ),16107.74121,0.925000012,105751.31,PALMA DE ACEITE,972.172549366951,0.8192469751426028,0.21102662483742746,1.0,86636.44083486768,22316.34202143649,105751.31,Biomasa
27,CHOCÓ,27250,EL LITORAL DEL SAN JUAN,4.249,-76.966,TOGOROMA PLAYA (EL LITORAL DEL SAN JUAN - CHOCO),16107.74121,0.925000012,1186.22,PALMA DE ACEITE,972.172549366951,0.8192469751426028,0.21102662483742746,1.0,971.8071468536583,250.3240029146532,1186.22,Biomasa
27,CHOCÓ,27361,ISTMINA,4.741,-76.872,PANAMACITO,16456.98242,0.766666651,2059.0,PALMA DE ACEITE,972.172549366951,0.8370095404307772,0.17490494447252386,1.0,1723.4026437469704,360.12928066892664,2059.0,Biomasa
27,CHOCÓ,27361,ISTMINA,4.741,-76.872,PANAMACITO (ISTMINA - CHOCÓ),16456.98242,0.766666651,2814.0,PALMA DE ACEITE,972.172549366951,0.8370095404307772,0.17490494447252386,1.0,2355.3448467722073,492.1825137456821,2814.0,Biomasa
27,CHOCÓ,27361,ISTMINA,4.741,-76.872,POTEDÓ (ISTMINA - CHOCÓ),16456.98242,0.766666651,4798.25,PALMA DE ACEITE,972.172549366951,0.8370095404307772,0.17490494447252386,1.0,4016.181027371977,839.2376498152876,4798.25,Biomasa
27,CHOCÓ,27361,ISTMINA,4.741,-76.872,UNION CHOCO (ISTMINA - CHOCÓ),16456.98242,0.766666651,2475.0,PALMA DE ACEITE,972.172549366951,0.8370095404307772,0.17490494447252386,1.0,2071.598612566174,432.88973756949656,2475.0,Biomasa
27,CHOCÓ,27372,JURADÓ,7.116,-77.688,JURADO (JURADO - CHOCÓ),18079.74219,1.5,237768.02,PALMA DE ACEITE,972.172549366951,0.9195438334532069,0.3422053331347861,1.0,218638.11658337875,81365.48449289848,237768.02,Biomasa
27,CHOCÓ,27372,JURADÓ,7.116,-77.688,JURADÓ (JURAÓ - CHOCÓ),18079.74219,1.5,256385.33,PALMA DE ACEITE,972.172549366951,0.9195438334532069,0.3422053331347861,1.0,235757.54918936547,87736.42726352207,256385.33,Biomasa
27,CHOCÓ,27425,MEDIO ATRATO (Beté),6.037,-76.677,BETÉ (MEDIO ATRATO (BETÉ) - CHOCÓ),16570.1582,0.725000024,23173.14,PALMA DE ACEITE,972.172549366951,0.8427657115919357,0.16539924982376528,1.0,19529.52782191955,3832.819972061088,23173.14,Biomasa
27,CHOCÓ,27425,MEDIO ATRATO (Beté),6.037,-76.677,BETE (MEDIO ATRATO - CHOCÓ),16570.1582,0.725000024,23520.39,PALMA DE ACEITE,972.172549366951,0.8427657115919357,0.16539924982376528,1.0,19822.178215269847,3890.2548615623905,23520.39,Biomasa
27,CHOCÓ,27425,MEDIO ATRATO (Beté),6.037,-76.677,SAN ROQUE (MEDIO ATRATO (BETÉ) - CHOCÓ),16570.1582,0.725000024,3100.6,PALMA DE ACEITE,972.172549366951,0.8427657115919357,0.16539924982376528,1.0,2613.0793653619558,512.8369140035666,3100.6,Biomasa
27,CHOCÓ,27425,MEDIO ATRATO (Beté),6.037,-76.677,SAN ROQUE (MEDIO ATRATO - CHOCÓ),16570.1582,0.725000024,1478.13,PALMA DE ACEITE,972.172549366951,0.8427657115919357,0.16539924982376528,1.0,1245.717281275388,244.4815931420022,1478.13,Biomasa
27,CHOCÓ,27450,MEDIO SAN JUAN,4.815,-76.808,LA LERMA,16308.6416,0.708333313,1244.0,PALMA DE ACEITE,972.172549366951,0.8294648594919175,0.16159695823042117,1.0,1031.8542852079454,201.02661603864394,1244.0,Biomasa
27,CHOCÓ,27450,MEDIO SAN JUAN,4.815,-76.808,MACEDONIA (MEDIO SAN JUAN - CHOCÓ),16308.6416,0.708333313,32.6,PALMA DE ACEITE,972.172549366951,0.8294648594919175,0.16159695823042117,1.0,27.04055441943651,5.26806083831173,32.6,Biomasa
27,CHOCÓ,27450,MEDIO SAN JUAN,4.815,-76.808,UNIÓN WAUNAÁN (MEDIO SAN JUAN - CHOCÓ),16308.6416,0.708333313,5060.5,PALMA DE ACEITE,972.172549366951,0.8294648594919175,0.16159695823042117,1.0,4197.506921458848,817.7614071250463,5060.5,Biomasa
27,CHOCÓ,27491,NÓVITA,4.856,-76.621,JUNTAS DE TAMANA (NOVITA - CHOCÓ),16649.64258,0.683333337,2685.2,PALMA DE ACEITE,972.172549366951,0.8468083229697282,0.15589354148679338,1.0,2273.849708838314,418.6053376003376,2685.2,Biomasa
27,CHOCÓ,27495,NUQUÍ,5.694,-77.297,ARUSI (NIQUÍ - CHOCÓ),0.0,0.0,28871.0,PALMA DE ACEITE,972.172549366951,0.0,0.0,1.0,0.0,0.0,28871.0,Biomasa
27,CHOCÓ,27495,NUQUÍ,5.694,-77.297,ARUSÍ (NUQUÍ - CHOCO),0.0,0.0,17011.69,PALMA DE ACEITE,972.172549366951,0.0,0.0,1.0,0.0,0.0,17011.69,Biomasa
27,CHOCÓ,27495,NUQUÍ,5.694,-77.297,COMUNIDAD DE PUERTO JAGUA (NUQUÍ - CHOCÓ),0.0,0.0,1297.07,PALMA DE ACEITE,972.172549366951,0.0,0.0,1.0,0.0,0.0,1297.07,Biomasa
27,CHOCÓ,27495,NUQUÍ,5.694,-77.297,COMUNIDAD INDIGENA DE PANGUI - (EL YUCAL) (NUQUÍ - CHOCÓ),0.0,0.0,8966.83,PALMA DE ACEITE,972.172549366951,0.0,0.0,1.0,0.0,0.0,8966.83,Biomasa
27,CHOCÓ,27495,NUQUÍ,5.694,-77.297,COMUNIDAD INDÍGENA DE PANGUÍ - EL YUCAL (NUQUÍ - CHOCÓ),0.0,0.0,7509.69,PALMA DE ACEITE,972.172549366951,0.0,0.0,1.0,0.0,0.0,7509.69,Biomasa
27,CHOCÓ,27495,NUQUÍ,5.694,-77.297,JURUBIRA (NUQUÍ - CHOCÓ),0.0,0.0,19866.8,PALMA DE ACEITE,972.172549366951,0.0,0.0,1.0,0.0,0.0,19866.8,Biomasa
27,CHOCÓ,27495,NUQUÍ,5.694,-77.297,NUQUÍ (NUQUÍ - CHOCÓ),0.0,0.0,336302.48,PALMA DE ACEITE,972.172549366951,0.0,0.0,1.0,0.0,0.0,336302.48,Biomasa
27,CHOCÓ,27495,NUQUÍ,5.694,-77.297,PUERTO JAGUA (NUQUÍ - CHOCÓ),0.0,0.0,1269.74,PALMA DE ACEITE,972.172549366951,0.0,0.0,1.0,0.0,0.0,1269.74,Biomasa
27,CHOCÓ,27615,RIOSUCIO,7.392,-77.255,MARCIAL (RIOSUCIO - CHOCÓ),18359.19141,0.941666663,145.75,PALMA DE ACEITE,972.172549366951,0.9337567466858102,0.21482890274255825,1.0,136.09504582945684,31.311312574727864,145.75,Biomasa
27,CHOCÓ,27615,RIOSUCIO,7.392,-77.255,PEÑAS BLANCAS (RIOSUCIO - CHOCÓ),18359.19141,0.941666663,53.25,PALMA DE ACEITE,972.172549366951,0.9337567466858102,0.21482890274255825,1.0,49.722546761019395,11.439639071041228,53.25,Biomasa
27,CHOCÓ,27615,RIOSUCIO,7.392,-77.255,SAN JOSE TAMBORAL (RIOSUCIO - CHOCÓ),18359.19141,0.941666663,770.0,PALMA DE ACEITE,972.172549366951,0.9337567466858102,0.21482890274255825,1.0,718.9926949480739,165.41825511176987,770.0,Biomasa
27,CHOCÓ,27745,SIPÍ,4.597,-76.544,SIPÍ (SIPÍ - CHOCO),16588.47461,0.691666663,13752.36,PALMA DE ACEITE,972.172549366951,0.8436972924568341,0.15779468055342724,1.0,11602.828896891668,2170.049253055731,13752.36,Biomasa
27,CHOCÓ,27800,UNGUÍA,8.119,-77.107,BALBOA (UNGUÍA - CHOCÓ),18731.93359,1.725000024,29625.93,PALMA DE ACEITE,972.172549366951,0.9527145818963413,0.39353613858028935,1.0,28225.055513240273,11658.874094049952,29625.93,Biomasa
27,CHOCÓ,27800,UNGUÍA,8.119,-77.107,TITUMATE (UNGUÍA - CHOCÓ),18731.93359,1.725000024,19836.14,PALMA DE ACEITE,972.172549366951,0.9527145818963413,0.39353613858028935,1.0,18898.17982653729,7806.237939938021,19836.14,Biomasa
27,CHOCÓ,27800,UNGUÍA,8.119,-77.107,UNGUÍA (UNGUÍA - CHOCÓ),18731.93359,1.725000024,540559.21,PALMA DE ACEITE,972.172549366951,0.9527145818963413,0.39353613858028935,1.0,514998.6417453665,212729.5841774117,540559.21,Biomasa
44,LA GUAJIRA,44847,URIBIA,12.002,-71.752,CABO DE LA VELA (URIBIA - LA GUAJIRA),19661.64258,4.383333206,38517.5,PALMA DE ACEITE,8.733488127589226,1.0,1.0,0.0089834753442444,38517.5,38517.5,346.0210115719337,Solar
44,LA GUAJIRA,44847,URIBIA,12.002,-71.752,NAZARETH (URIBIA - LA GUAJIRA),19661.64258,4.383333206,54114.23,PALMA DE ACEITE,8.733488127589226,1.0,1.0,0.0089834753442444,54114.23,54114.23,486.13385097777063,Solar
47,MAGDALENA,47189,CIÉNAGA,10.892,-74.046,PALMOR (CIÉNAGA - MAGDALENA),18874.88281,3.166666508,123148.03,PALMA DE ACEITE,243.97124671936035,0.9599850436300628,0.7224334448646066,0.2509546755647719,118220.26695250628,88966.25554118992,30904.573915090798,Solar
50,META,50325,MAPIRIPÁN,3.12,-71.943,MAPIRIPAN (MAPIRIPAN - META),15932.0498,1.133333325,227000.02,PALMA DE ACEITE,892.6454372406006,0.8103112308737738,0.2585551386895865,0.9181965051593609,183940.66561457125,58692.02165363891,208430.625035105,Biomasa
52,NARIÑO,52250,EL CHARCO,2.19,-77.802,ALTERÓN (URIBE URIBE) (EL CHARCO - NARIÑO),14679.74121,0.924999952,1176.0,PALMA DE ACEITE,57.37079298496246,0.7466182517696851,0.2110266111492141,0.0590129735943692,878.0230640811496,248.16729471147576,69.39925694697818,Solar
52,NARIÑO,52250,EL CHARCO,2.19,-77.802,ALTERON - URIBE URIBE (EL CHARCO - NARIÑO),14679.74121,0.924999952,555.14,PALMA DE ACEITE,57.37079298496246,0.7466182517696851,0.2110266111492141,0.0590129735943692,414.477656287423,117.1493129133747,32.76046216117812,Solar
52,NARIÑO,52250,EL CHARCO,2.19,-77.802,BAZAN (EL CHARCO - NARIÑO),14679.74121,0.924999952,25635.43,PALMA DE ACEITE,57.37079298496246,0.7466182517696851,0.2110266111492141,0.0590129735943692,19139.87992996414,5409.757918252897,1512.8229536703002,Solar
52,NARIÑO,52250,EL CHARCO,2.19,-77.802,BOLIVAR - SAN PEDRO (EL CHARCO - NARIÑO),14679.74121,0.924999952,5914.46,PALMA DE ACEITE,57.37079298496246,0.7466182517696851,0.2110266111492141,0.0590129735943692,4415.8437853617315,1248.1084505775807,349.0298718049529,Solar
52,NARIÑO,52250,EL CHARCO,2.19,-77.802,EL CUIL PUEBLO NUEVO (EL CHARCO - NARIÑO),14679.74121,0.924999952,8684.96,PALMA DE ACEITE,57.37079298496246,0.7466182517696851,0.2110266111492141,0.0590129735943692,6484.349651889644,1832.7576767664782,512.5253151481527,Solar
52,NARIÑO,52250,EL CHARCO,2.19,-77.802,LAS MERCEDES (EL CHARCO - NARIÑO),14679.74121,0.924999952,2061.8,PALMA DE ACEITE,57.37079298496246,0.7466182517696851,0.2110266111492141,0.0590129735943692,1539.3775114987368,435.09466686744963,121.67294895687043,Solar
52,NARIÑO,52250,EL CHARCO,2.19,-77.802,SAN JOSE (EL CHARCO - NARIÑO),14679.74121,0.924999952,16341.0,PALMA DE ACEITE,57.37079298496246,0.7466182517696851,0.2110266111492141,0.0590129735943692,12200.488852168424,3448.3858527893076,964.3310015055871,Solar
52,NARIÑO,52250,EL CHARCO,2.19,-77.802,SAN JOSÉ DEL TAPAJE (EL CHARCO - NARIÑO),14679.74121,0.924999952,16572.08,PALMA DE ACEITE,57.37079298496246,0.7466182517696851,0.2110266111492141,0.0590129735943692,12373.017397787364,3497.149882093668,977.9677194437741,Solar
52,NARIÑO,52390,LA TOLA,2.421,-78.213,AGUACATAL (LA TOLA - NARIÑO),14197.3418,1.133333325,2452.31,PALMA DE ACEITE,57.37079298496246,0.7220832004362476,0.2585551386895865,0.0590129735943692,1770.7718532618144,634.0573521598599,144.71810527520753,Solar
52,NARIÑO,52390,LA TOLA,2.421,-78.213,AMARALES (LA TOLA - NARIÑO),14197.3418,1.133333325,10865.75,PALMA DE ACEITE,57.37079298496246,0.7220832004362476,0.2585551386895865,0.0590129735943692,7845.975535140157,2809.3954982163746,641.2202178330172,Solar
52,NARIÑO,52390,LA TOLA,2.421,-78.213,LA VIGIA (LA TOLA - NARIÑO),14197.3418,1.133333325,8510.25,PALMA DE ACEITE,57.37079298496246,0.7220832004362476,0.2585551386895865,0.0590129735943692,6145.108556512577,2200.3688690330537,502.2151585314805,Solar
52,NARIÑO,52390,LA TOLA,2.421,-78.213,LA VIGIA DE LA MAR (LA TOLA - NARIÑO),14197.3418,1.133333325,8505.96,PALMA DE ACEITE,57.37079298496246,0.7220832004362476,0.2585551386895865,0.0590129735943692,6142.010819582704,2199.259667488075,501.9619928747606,Solar
52,NARIÑO,52390,LA TOLA,2.421,-78.213,MULATOS (LA TOLA - NARIÑO),14197.3418,1.133333325,6524.81,PALMA DE ACEITE,57.37079298496246,0.7220832004362476,0.2585551386895865,0.0590129735943692,4711.455687038433,1687.0231544732012,385.04844023827616,Solar
52,NARIÑO,52390,LA TOLA,2.421,-78.213,SAN PABLO DE LA MAR (LA TOLA - NARIÑO),14197.3418,1.133333325,4143.25,PALMA DE ACEITE,57.37079298496246,0.7220832004362476,0.2585551386895865,0.0590129735943692,2991.771220207483,1071.2585783756294,244.5055028448702,Solar
52,NARIÑO,52390,LA TOLA,2.421,-78.213,SAN PABLO DEL MAR (LA TOLA - NARIÑO),14197.3418,1.133333325,5991.23,PALMA DE ACEITE,57.37079298496246,0.7220832004362476,0.2585551386895865,0.0590129735943692,4326.16653294966,1549.0633035712112,353.5602977877926,Solar
52,NARIÑO,52427,MAGÜÍ (Payán),1.909,-78.048,ALTO ESTERO (MAGÜI - NARIÑO),14471.99121,0.891666651,788.13,PALMA DE ACEITE,57.37079298496246,0.7360519931697386,0.20342205556708937,0.0590129735943692,580.104657376866,160.32302465409015,46.5098948789302,Solar
52,NARIÑO,52427,MAGÜÍ (Payán),1.909,-78.048,BRISAS DE HAMBURGO (MAGÜÍ - NARIÑO),14471.99121,0.891666651,1547.0,PALMA DE ACEITE,57.37079298496246,0.7360519931697386,0.20342205556708937,0.0590129735943692,1138.6724334335856,314.6939199622872,91.29307015048916,Solar
52,NARIÑO,52427,MAGÜÍ (Payán),1.909,-78.048,EL ROSARIO,14471.99121,0.891666651,202.5,PALMA DE ACEITE,57.37079298496246,0.7360519931697386,0.20342205556708937,0.0590129735943692,149.05052861687207,41.192966252335594,11.950127152859764,Solar
52,NARIÑO,52427,MAGÜÍ (Payán),1.909,-78.048,EL ROSARIO (MAGÜI - NARIÑO),14471.99121,0.891666651,0.0,PALMA DE ACEITE,57.37079298496246,0.7360519931697386,0.20342205556708937,0.0590129735943692,0.0,0.0,0.0,Solar
52,NARIÑO,52427,MAGÜÍ (Payán),1.909,-78.048,GUILPI,14471.99121,0.891666651,853.0,PALMA DE ACEITE,57.37079298496246,0.7360519931697386,0.20342205556708937,0.0590129735943692,627.852350173787,173.51901339872722,50.33806647599693,Solar
52,NARIÑO,52427,MAGÜÍ (Payán),1.909,-78.048,LA ISLA (MAGÜÍ - NARIÑO),14471.99121,0.891666651,326.6,PALMA DE ACEITE,57.37079298496246,0.7360519931697386,0.20342205556708937,0.0590129735943692,240.39458096923664,66.4376433482114,19.27363717592098,Solar
52,NARIÑO,52427,MAGÜÍ (Payán),1.909,-78.048,LA LOMA (MAGÜÍ - NARIÑO),14471.99121,0.891666651,767.7,PALMA DE ACEITE,57.37079298496246,0.7360519931697386,0.20342205556708937,0.0590129735943692,565.0671151564084,156.1671120588545,45.30425982839724,Solar
52,NARIÑO,52427,MAGÜÍ (Payán),1.909,-78.048,LAS LAJAS (MAGÜÍ - NARIÑO),14471.99121,0.891666651,1395.6,PALMA DE ACEITE,57.37079298496246,0.7360519931697386,0.20342205556708937,0.0590129735943692,1027.234161667687,283.8958207494299,82.35850594830166,Solar
52,NARIÑO,52473,MOSQUERA,2.445,-78.442,EL BAJITO DE ECHANDÍA (MOSQUERA - NARIÑO),13841.7832,1.483333349,3433.53,PALMA DE ACEITE,57.37079298496246,0.7039993298464283,0.3384030552296553,0.0590129735943692,2417.202819007607,1161.9170422226784,202.6228152254745,Solar
52,NARIÑO,52490,OLAYA HERRERA,2.293,-78.298,BOCA DE PRIETA (OLAYA HERRERA - NARIÑO),14279.41699,1.058333397,3644.94,PALMA DE ACEITE,57.37079298496246,0.726257581577907,0.2414448884587032,0.0590129735943692,2647.1653093965765,880.0521317386657,215.09874797306009,Solar
52,NARIÑO,52490,OLAYA HERRERA,2.293,-78.298,BOCAS DE PRIETA (OLAYA HERRERA - NARIÑO),14279.41699,1.058333397,3094.2,PALMA DE ACEITE,57.37079298496246,0.726257581577907,0.2414448884587032,0.0590129735943692,2247.1862089183596,747.0787738689195,182.59794289569717,Solar
52,NARIÑO,52490,OLAYA HERRERA,2.293,-78.298,SAN JOSÉ CALABAZAL (OLAYA HERRERA - NARIÑO),14279.41699,1.058333397,8066.79,PALMA DE ACEITE,57.37079298496246,0.726257581577907,0.2414448884587032,0.0590129735943692,5858.567396496845,1947.6852117697824,476.04526526132156,Solar
52,NARIÑO,52520,FRANCISCO PIZARRO,2.091,-78.594,SAN PEDRO DEL VINO ( FRANCISCO PIZARRO - NARIÑO),13543.95801,1.566666722,5531.0,PALMA DE ACEITE,57.37079298496246,0.6888518065004924,0.3574144716754622,0.0590129735943692,3810.039341754223,1976.8594428369813,326.40075695045607,Solar
52,NARIÑO,52520,FRANCISCO PIZARRO,2.091,-78.594,SAN PEDRO DEL VINO (FRANCISCO PIZARRO - NARIÑO),13543.95801,1.566666722,6245.9,PALMA DE ACEITE,57.37079298496246,0.6888518065004924,0.3574144716754622,0.0590129735943692,4302.499498221425,2232.3750486377694,368.58913177307056,Solar
52,NARIÑO,52621,ROBERTO PAYÁN (San José),1.9,-78.385,TAMAJE (ROBERTO PAYAN - NARIÑO),13893.6084,1.375,5052.5,PALMA DE ACEITE,57.37079298496246,0.7066351828678191,0.3136882220402206,0.0590129735943692,3570.274261439656,1584.9097418582146,298.1630490855504,Solar
52,NARIÑO,52696,SANTA BÁRBARA (Iscuandé),2.299,-77.873,LA ENSENADA (SANTA BÁRBARA (ISCUANDÉ) - NARIÑO),14712.08301,1.008333325,6761.57,PALMA DE ACEITE,57.37079298496246,0.7482631702890004,0.230038027595021,0.0590129735943692,5059.433804330996,1555.4182262456661,399.02035186647896,Solar
52,NARIÑO,52696,SANTA BÁRBARA (Iscuandé),2.299,-77.873,LA ENSENADA (SANTA BÁRBARA - NARIÑO),14712.08301,1.008333325,6793.47,PALMA DE ACEITE,57.37079298496246,0.7482631702890004,0.230038027595021,0.0590129735943692,5083.303399463215,1562.7564393259474,400.90286572413936,Solar
52,NARIÑO,52696,SANTA BÁRBARA (Iscuandé),2.299,-77.873,SANTA RITA (SANTA BARBARA (ISCUANDÉ) - NARIÑO),14712.08301,1.008333325,8116.9,PALMA DE ACEITE,57.37079298496246,0.7482631702890004,0.230038027595021,0.0590129735943692,6073.577326918787,1867.1956661860258,479.0024053681354,Solar
52,NARIÑO,52696,SANTA BÁRBARA (Iscuandé),2.299,-77.873,SECADERO (SANTA BÁRBARA (ISCUANDÉ) - NARIÑO),14712.08301,1.008333325,4628.4,PALMA DE ACEITE,57.37079298496246,0.7482631702890004,0.230038027595021,0.0590129735943692,3463.261257365609,1064.7080069207952,273.1356469841784,Solar
52,NARIÑO,52696,SANTA BÁRBARA (Iscuandé),2.299,-77.873,SECADERO (SANTA BÁRBARA - NARIÑO),14712.08301,1.008333325,4576.0,PALMA DE ACEITE,57.37079298496246,0.7482631702890004,0.230038027595021,0.0590129735943692,3424.052267242466,1052.654014274816,270.0433671678335,Solar
52,NARIÑO,52835,TUMACO,1.638,-78.617,BOCAS DE CURAY (SAN ANDRÉS DE TUMACO - NARIÑO),13513.86621,1.516666651,8651.93,PALMA DE ACEITE,57.37079298496246,0.6873213239948949,0.3460076110399169,0.0590129735943692,5946.655982711151,2993.633630184588,510.5761166303308,Solar
52,NARIÑO,52835,TUMACO,1.638,-78.617,BOCAS DE CURAY (TUMACO - NARIÑO),13513.86621,1.516666651,10962.19,PALMA DE ACEITE,57.37079298496246,0.6873213239948949,0.3460076110399169,0.0590129735943692,7534.546944683597,3793.0011736656666,646.9114290064582,Solar
52,NARIÑO,52835,TUMACO,1.638,-78.617,CHAJAL (TUMACO - NARIÑO),13513.86621,1.516666651,24012.62,PALMA DE ACEITE,57.37079298496246,0.6873213239948949,0.3460076110399169,0.0590129735943692,16504.385770986293,8308.54928100933,1417.0561099916217,Solar
52,NARIÑO,52835,TUMACO,1.638,-78.617,PITAL DE LA COSTA (TUMACO - NARIÑO),13513.86621,1.516666651,28038.79,PALMA DE ACEITE,57.37079298496246,0.6873213239948949,0.3460076110399169,0.0590129735943692,19271.65826601482,9701.634744349913,1654.6523738880633,Solar
52,NARIÑO,52835,TUMACO,1.638,-78.617,PUEBLO NUEVO (TABLÓN SALADO) (TUMACO - NARIÑO),13513.86621,1.516666651,4534.18,PALMA DE ACEITE,57.37079298496246,0.6873213239948949,0.3460076110399169,0.0590129735943692,3116.4386008311726,1568.8607898249704,267.575444612117,Solar
52,NARIÑO,52835,TUMACO,1.638,-78.617,SAN JOSÉ DEL GUAYABO (TUMACO - NARIÑO),13513.86621,1.516666651,2944.0,PALMA DE ACEITE,57.37079298496246,0.6873213239948949,0.3460076110399169,0.0590129735943692,2023.4739778409705,1018.6464069015153,173.73419426182292,Solar
52,NARIÑO,52835,TUMACO,1.638,-78.617,SAN JUAN COSTA (TUMACO - NARIÑO),13513.86621,1.516666651,30348.0,PALMA DE ACEITE,57.37079298496246,0.6873213239948949,0.3460076110399169,0.0590129735943692,20858.82754059707,10500.638979839398,1790.9257226419165,Solar
52,NARIÑO,52835,TUMACO,1.638,-78.617,SAN JUAN DE LA COSTA (SAN ANDRÉS DE TUMACO - NARIÑO),13513.86621,1.516666651,32434.11,PALMA DE ACEITE,57.37079298496246,0.6873213239948949,0.3460076110399169,0.0590129735943692,22292.65542779606,11222.44891730588,1914.0332769868662,Solar
52,NARIÑO,52835,TUMACO,1.638,-78.617,SANTA ROSA (TUMACO - NARIÑO),13513.86621,1.516666651,3845.75,PALMA DE ACEITE,57.37079298496246,0.6873213239948949,0.3460076110399169,0.0590129735943692,2643.2659817533668,1330.6587701567605,226.94914320054536,Solar
52,NARIÑO,52835,TUMACO,1.638,-78.617,TABLÓN DULCE LA PAMPA (TUMACO - NARIÑO),13513.86621,1.516666651,3702.8,PALMA DE ACEITE,57.37079298496246,0.6873213239948949,0.3460076110399169,0.0590129735943692,2545.013398488297,1281.1969821586044,218.5132386252303,Solar
76,VALLE DEL CAUCA,76109,BUENAVENTURA,3.613,-77.089,GALVEZ (BUENAVENTURA - VALLE DEL CAUCA),15811.27539,1.399999976,4145.0,CAFE,103.62793064117432,0.8041685899673191,0.31939163878384835,0.10659417477756769,3333.2788054145376,1323.8783427590515,441.83285445301806,Solar
76,VALLE DEL CAUCA,76109,BUENAVENTURA,3.613,-77.089,HUMANES MAR (BUENAVENTURA - VALLE DEL CAUCA),15811.27539,1.399999976,6555.0,CAFE,103.62793064117432,0.8041685899673191,0.31939163878384835,0.10659417477756769,5271.325107235777,2093.612192228126,698.7248156669563,Solar
76,VALLE DEL CAUCA,76109,BUENAVENTURA,3.613,-77.089,PAPAYAL 1 (BUENAVENTURA - VALLE DEL CAUCA),15811.27539,1.399999976,9503.73,CAFE,103.62793064117432,0.8041685899673191,0.31939163878384835,0.10659417477756769,7642.6011535301095,3035.411899259223,1013.0422566588134,Solar
76,VALLE DEL CAUCA,76109,BUENAVENTURA,3.613,-77.089,PITAL (BUENAVENTURA - VALLE DEL CAUCA),15811.27539,1.399999976,2958.38,CAFE,103.62793064117432,0.8041685899673191,0.31939163878384835,0.10659417477756769,2379.0362731875175,944.8818363453613,315.3460747784607,Solar
76,VALLE DEL CAUCA,76109,BUENAVENTURA,3.613,-77.089,PUERTO MERIZALDE (BUENAVENTURA - VALLE DEL CAUCA),15811.27539,1.399999976,104897.38,CAFE,103.62793064117432,0.8041685899673191,0.31939163878384835,0.10659417477756769,84355.17816586606,33503.34610233208,11181.449657428933,Solar
76,VALLE DEL CAUCA,76109,BUENAVENTURA,3.613,-77.089,PUNTA BONITA,15811.27539,1.399999976,7646.75,CAFE,103.62793064117432,0.8041685899673191,0.31939163878384835,0.10659417477756769,6149.276165332597,2442.308013870392,815.0990059803657,Solar
76,VALLE DEL CAUCA,76109,BUENAVENTURA,3.613,-77.089,PUNTA BONITA (BUENAVENTURA - VALLE DEL CAUCA),15811.27539,1.399999976,8764.0,CAFE,103.62793064117432,0.8041685899673191,0.31939163878384835,0.10659417477756769,7047.733522473584,2799.148322301647,934.1913477506032,Solar
76,VALLE DEL CAUCA,76109,BUENAVENTURA,3.613,-77.089,PUNTA SOLDADO (BUENAVENTURA - VALLE DEL CAUCA),15811.27539,1.399999976,5544.0,CAFE,103.62793064117432,0.8041685899673191,0.31939163878384835,0.10659417477756769,4458.3106627788175,1770.7072454176553,590.9581049668353,Solar
76,VALLE DEL CAUCA,76109,BUENAVENTURA,3.613,-77.089,SAN FRANCISCO DE NAYA (BUENAVENTURA - VALLE DEL CAUCA),15811.27539,1.399999976,8748.5,CAFE,103.62793064117432,0.8041685899673191,0.31939163878384835,0.10659417477756769,7035.268909329091,2794.197751900497,932.5391380415509,Solar
76,VALLE DEL CAUCA,76109,BUENAVENTURA,3.613,-77.089,SAN FRANCISCO NAYA (BUENAVENTURA - VALLE DEL CAUCA),15811.27539,1.399999976,9263.39,CAFE,103.62793064117432,0.8041685899673191,0.31939163878384835,0.10659417477756769,7449.327274617363,2958.649312793913,987.4234126927727,Solar
76,VALLE DEL CAUCA,76109,BUENAVENTURA,3.613,-77.089,SAN ISIDRO - CALIMA (BUENAVENTURA - VALLE DEL CAUCA),15811.27539,1.399999976,3524.88,CAFE,103.62793064117432,0.8041685899673191,0.31939163878384835,0.10659417477756769,2834.5977794040036,1125.8171997164113,375.7316747899528,Solar
85,CASANARE,85430,TRINIDAD,5.37,-71.199,BOCAS DEL PAUTO (TRINIDAD - CASANARE),16339.75879,1.450000048,18879.9,PALMA DE ACEITE,297.06593132019043,0.8310474937948954,0.33079849964753055,0.3055691415208449,15690.093578098247,6245.442593495412,5769.1148349994,Solar
86,PUTUMAYO,86573,PUERTO LEGUÍZAMO,0.062,-75.068,PIÑUÑA NEGRO (PUERTO LEGUÍZAMO - PUTUMAYO),14172.49121,0.858333349,5507.02,PALMA DE ACEITE,65.44999885559082,0.7208192882326315,0.19581749975682777,0.06732343851738033,3969.566236682867,1078.3708875108457,370.75152238398385,Solar
86,PUTUMAYO,86573,PUERTO LEGUÍZAMO,0.062,-75.068,PUERTO LEGUÍZAMO (PUERTO LEGUÍZAMO - PUTUMAYO),14172.49121,0.858333349,1177804.4,PALMA DE ACEITE,65.44999885559082,0.7208192882326315,0.19581749975682777,0.06732343851738033,848984.1292852616,230634.71281059066,79293.84210890002,Solar
91,AMAZONAS,91001,LETICIA,-3.527,-70.048,LETICIA (LETICIA - AMAZONAS),13229.5918,1.083333373,4927862.74,BANANO,847.1099853515625,0.6728629994249443,0.24714830520233103,0.8713576472645465,3315776.503990825,1217912.9244607154,4293930.883169021,Biomasa
91,AMAZONAS,91540,PUERTO NARIÑO,-3.629,-70.475,PUERTO NARIÑO (PUERTO NARIÑO - AMAZONAS),13312.9248,1.041666627,149432.34,BANANO,847.1099853515625,0.6771013533498991,0.23764258340528263,0.8713576472645465,101180.83964824225,35511.48732189655,130209.01220763577,Biomasa
91,AMAZONAS,91798,TARAPACÁ,-2.449,-70.01,TARAPACA (TARAPACA (ANM) - AMAZONAS),13408.0918,1.091666698,35667.43,BANANO,847.1099853515625,0.6819415898465591,0.24904944404082796,0.8713576472645465,24323.103919940855,8882.953611865149,31079.0878887729,Biomasa
91,AMAZONAS,91798,TARAPACÁ,-2.449,-70.01,TARAPACA (TARAPACA - AMAZONAS),13408.0918,1.091666698,33048.25,BANANO,847.1099853515625,0.6819415898465591,0.24904944404082796,0.8713576472645465,22536.976146646546,8230.648289022292,28796.845366210546,Biomasa
94,GUAINÍA,94001,INÍRIDA,3.322,-68.46,CHORRO BOCON (INÍRIDA - GUAINÍA),15622.3584,1.058333278,6058.43,CAÑA PANELERA,33.65999984741211,0.7945601867410205,0.24144486131041348,0.03462348311452578,4813.787272157401,1462.7767911088483,209.76394880553644,Solar
94,GUAINÍA,94001,INÍRIDA,3.322,-68.46,INÍRIDA (INÍRIDA - GUAINÍA),15622.3584,1.058333278,2497007.84,CAÑA PANELERA,33.65999984741211,0.7945601867410205,0.24144486131041348,0.03462348311452578,1984023.015644192,602889.7116198151,86455.10878507848,Solar
94,GUAINÍA,94001,INÍRIDA,3.322,-68.46,LAGUNA COLORADA ALTA (INÍRIDA - GUAINÍA),15622.3584,1.058333278,9138.75,CAÑA PANELERA,33.65999984741211,0.7945601867410205,0.24144486131041348,0.03462348311452578,7261.286906579501,2206.504226300541,316.41535631287246,Solar
94,GUAINÍA,94343,BARRANCO MINAS,3.316,-69.402,BARRANCO MINAS (BARRANCO MINAS - GUAINÍA),15808.63379,1.141666651,101878.88,CAÑA PANELERA,33.65999984741211,0.8040342370011693,0.2604562777562204,0.03462348311452578,81914.10754733368,26534.993866772646,3527.4016814067986,Solar
94,GUAINÍA,94343,BARRANCO MINAS,3.316,-69.402,BARRANCOMINAS (BARRANCO MINAS - GUAINÍA),15808.63379,1.141666651,86010.0,CAÑA PANELERA,33.65999984741211,0.8040342370011693,0.2604562777562204,0.03462348311452578,69154.98472447057,22401.844449812514,2977.9657826803623,Solar
94,GUAINÍA,94343,BARRANCO MINAS,3.316,-69.402,BARRANCOMINAS (BARRANCOMINAS - GUAINÍA),15808.63379,1.141666651,71494.81,CAÑA PANELERA,33.65999984741211,0.8040342370011693,0.2604562777562204,0.03462348311452578,57484.275007893564,18621.2720914882,2475.399346811229,Solar
95,GUAVIARE,95200,MIRAFLORES,1.366,-72.021,MIRAFLORES (MIRAFLORES - GUAVIARE),14879.5166,0.958333313,113791.88,CAFE,0.0,0.7567789181121408,0.21863118041955218,0.0,86115.29583634656,24878.453046560033,0.0,Solar
97,VAUPÉS,97001,MITÚ,1.018,-70.421,MITÚ (MITÚ - VAUPÉS),14404.2666,1.0,1741992.17,BANANO,93.5,0.7326074889924076,0.22813688875652408,0.09617634242078152,1276196.509508135,397412.67390202597,167538.43543624025,Solar
97,VAUPÉS,97161,CARURÚ,1.055,-71.334,CARURÚ (CARURÚ - VAUPÉS),14620.93359,0.975000024,29370.15,BANANO,93.5,0.743627269721226,0.2224334720128963,0.09617634242078152,21840.444455802866,6532.904438039566,2824.7136033497163,Solar
97,VAUPÉS,97666,TARAIRA,-0.717,-69.911,TARAIRA (TARAIRA - VAUPÉS),13655.25879,1.024999976,40970.54,BANANO,93.5,0.6945126143168858,0.23384030550015183,0.09617634242078152,28454.556845374544,9580.56359010619,3940.396684204326,Solar
99,VICHADA,99001,PUERTO CARREÑO,5.839,-68.145,CASUARITO (PUERTO CARREÑO - VICHADA),16512.42578,1.558333278,37979.84,PALMA DE ACEITE,79.73181358973186,0.8398294146998985,0.3555133056886755,0.08201405567525104,31896.586797595788,13502.338467926984,3114.880712297126,Solar
99,VICHADA,99001,PUERTO CARREÑO,5.839,-68.145,PUERTO CARREÑO (PUERTO CARREÑO - VICHADA),16512.42578,1.558333278,3199756.19,PALMA DE ACEITE,79.73181358973186,0.8398294146998985,0.3555133056886755,0.08201405567525104,2687249.368230077,1137555.9005047015,262424.98231388914,Solar
99,VICHADA,99524,LA PRIMAVERA,5.525,-69.614,LA PRIMAVERA (LA PRIMAVERA - VICHADA),16338.2666,1.524999976,492704.18,PALMA DE ACEITE,79.73181358973186,0.8309716003392023,0.34790874987841386,0.08201405567525104,409423.1809484144,171416.095323669,40408.66804994891,Solar
99,VICHADA,99624,SANTA ROSALÍA,4.983,-70.655,SANTA ROSALÍA (SANTA ROSALÍA - VICHADA),16494.68359,1.483333349,201572.91,PALMA DE ACEITE,79.73181358973186,0.8389270389229099,0.3384030552296553,0.08201405567525104,169104.9645133742,68212.88859553233,16531.811863362367,Solar
99,VICHADA,99773,CUMARIBO,4.265,-69.525,CUMARIBO (CUMARIBO - VICHADA),15888.74121,1.291666627,431583.83,PALMA DE ACEITE,79.73181358973186,0.8081085364740671,0.29467680559441367,0.08201405567525104,348766.5772271726,127177.74437060248,35395.94026215808,Solar
